,SVHN,scenarios
0,0.829,normal
1,0.049900122925629994,white_box
2,0.24454517516902274,dropout_0.5
3,0.24254763368162263,dropout_0.3
4,0.19802550706822372,nlin_sigmoid
5,0.2305239704978488,nlin_relu
6,0.21412108174554395,nlin_gelu
7,0.15454056545789796,init_type_kaiming_uniform
8,0.15980331899200984,init_type_uniform
9,0.20655347264904733,init_type_normal
