,epoch,kendalls_tau,p-value
0,epoch_10,0.6130612244897958,3.342272482029035e-10
1,epoch_20,0.5771428571428571,3.3399030028955326e-09
2,epoch_30,0.5542857142857143,1.349008850064189e-08
3,epoch_40,0.52,9.907387181591797e-08
4,epoch_50,0.52,9.907387181591797e-08
