,epoch,kendalls_tau,p-value
0,epoch_10,0.8285714285714286,2.060500374525485e-17
1,epoch_20,0.9216326530612245,3.590730343960654e-21
2,epoch_30,0.9346938775510204,9.917034957868584e-22
3,epoch_40,0.9346938775510204,9.917034957868584e-22
4,epoch_50,0.9281632653061225,1.8912312531176373e-21
